"score","text","klasifikasi"
0,"harga cabai","Netral"
-1,"alghozali impor negri harga negri anjlok dibeli ditahan dilepas harga menggila cabai skrng","Negatif"
0,"harga cabe besok turun","Netral"
0,"harga cabai keriting rawit pasaman jelang ramadan","Netral"
0,"alchamdulilah harga cabai pasar tanjung turun","Netral"
-1,"terpujilah pelit sambel balado harga cabe ngotak harga makanannya","Negatif"
0,"nonton tv berita headline harga cabai petani beli mobil kesannya sirik kuntul petani beli lambo emang rezeki berita tv nasional","Netral"
-1,"video harga daging sapi harga cabai bergerak turun","Negatif"
1,"followers turun kaya harga cabe","Positif"
0,"harga cabe","Netral"
0,"harga cabai rawit merah baturaja tembus rp kg harga cabai rawit merah pasar tradisional baturaja kabupaten ogan komering ulu sumatera selatan menjelang ramadan melonjak tajam menembus angka rp kilogram kg","Netral"
0,"menteri perdagangan sibuk rencana impor beras juta ton harga lada tembus rp cabe","Netral"
-1,"negeri demam harga mbako berbondongbondong menanam tembakau harga cabai berduyunduyun menanam cabai nasib pelaku bahas demam lik bkan bahas saplai deman kebutuhan luas lahan makelar dan lain-lain oya demam korea padal pria korea tytyde cilik pendek","Negatif"
1,"harga cabai petani cabai beli mobil aduh pemasukannya stabil","Positif"
-1,"sok jual mahal banget mentang harga cabe","Negatif"
0,"wahh salah berkah tukang makanan harga cabe","Netral"
0,"istriku khawatir galau tarif listrik bbm pajak kendaraan harga cabai meroket kebutuhan pokok percayalah suamimu menjamin uang belanjamu ikutikutan yakinlah","Netral"
-2,"harga daging sapi pasar mencapai rp ribu perkilogram harga kebutuhan pokok cabai rawit merah mengalami penurunan video harga daging sapi harga cabai bergerak turun","Negatif"
0,"trans jelang ramadhan harga sembilan bahan pokok melonjak daging sapi cabai merah","Netral"
0,"jelang ramadhan harga sembilan bahan pokok melonjak daging sapi cabai merah","Netral"
0,"bukaaa emg libur seminggu grgr harga cabe","Netral"
0,"harga cabe","Netral"
-1,"mitos harga cabe mahal cabe sebiji doang pedes banget pas turun murah pakai biji masak","Negatif"
0,"harga ayam broiler cabe rawit merah sebulan turun","Netral"
0,"banget harga cabe muuciw pepes ikan","Netral"
0,"terpikirkan dikorea harga cabe pasar beli reb biji doang","Netral"
-1,"singkat cerita twitnya sambel nyamber nawarin sambel Cuma miscall dapur fany berminat harga cabe menyesuaikan pas transaksi barter","Negatif"
-2,"haye emak tamatan sd cuap protes harga cabe kritikannya relevan kebijakan harga pemerintah cuap ngalor ngidul hubungannya hantam cuap","Negatif"
0,"harga cabe mahal tempe beli daun bawang dikasih tangkai","Netral"
0,"tipis harga cabai merah agam","Netral"
-1,"pas banget sembilan bahan pokok habis minyak goreng tetes gula garam kopi sabun mandi dan lain-lain habis pas banget lebihnya sembilan bahan pokok dan lain-lain serba pas ngirit cabe mahal pdhal puasa harga","Negatif"
0,"bahas harga cabe","Netral"
-1,"sii emakemak pakk marah harga cabe pedang","Negatif"
0,"btul grgr harga cabe puasa ck","Netral"
1,"harga emas harga cabe harga doang turun","Positif"
0,"ngerasain harga cabai","Netral"
1,"harga cabe lumayan duit jajan","Positif"
0,"harga cabe tauuu abby","Netral"
0,"harga pc yampun harga cabe","Netral"
0,"pekan menjelang masuknya puasa harga cabai rawit merah merangkak","Netral"
0,"harga cabai rawit merah akibat stoknya terbatas","Netral"
0,"harga cabe","Netral"
-1,"harga beras bhn pokok ttp stabil hrg beras melambung demo dimanabeda petani cabe hrg perkilonya protes mbuhlah pusing","Negatif"
0,"harga cabai mei","Netral"
0,"pasaraan harga cabe ughtea gasuka pedes doang bib","Netral"
-1,"harga cabe salah superm","Negatif"
0,"harga cabai diprediksi jelang lebaran","Netral"
0,"pasar kaget harga cabe tanggung","Netral"
0,"sir harga cabe","Netral"
0,"harga cabe harga turun","Netral"
0,"harga cabe seons","Netral"
0,"harga cabai merah cabai merah keriting turun kobar","Netral"
1,"harga cabe sekarangsekarang jualan ganyampur sambelnya bon cabe saos salut banget pokonya","Positif"
0,"harga cabai rawit pasar tradisional kota surakarta turun inidari rupiah kilogramnya kilogramnya harga cabai rawit ramadhan lebaran","Netral"
0,"harga cabe dijadiin topik","Netral"
0,"mie abang harga cabe cabenya dikurangin harganya dinaikin","Netral"
0,"bbm harga penyesuaian harga cabe dan kawan-kawan","Netral"
0,"kaum rebahan kurangi makan sambal harga cabe","Netral"
0,"harga cabai nemuin mainan","Netral"
0,"siapsiap inget harga cabe","Netral"
0,"didiek selagi sebentar musim mudik tarif tes gnose dinaikin selagi harga cabe implementasi konsep costumer centriknya","Netral"
0,"panen disaat harga cabai","Netral"
0,"tolong harga sembilan bahan pokok pasar kendalikancabe daging menjelang puasa ramadhan","Netral"
0,"umur tementemenku mantengin turun harga cabe mantengin renjun spill warna rambutnya","Netral"
0,"harga cabai merangkaknaik","Netral"
0,"agus susilo ketua dpw ikatan pedagangpasartradisional ikappi jatim harga cabai merangkak diklaim panen harga turun panas","Netral"
0,"stress harga cabe bbrp makan sambel","Netral"
-1,"harga cabe iblis gacoan level pedes","Negatif"
0,"pusing banget mikir harga cabe turun lebih baik murah modalnya dikit","Netral"
1,"harga beras dipasaran harga cabe stoknya berlimpah","Positif"
0,"harga kertas harga cabai harga kopi rokok ambyar","Netral"
-1,"disperindag siuman rakyat teriak teriak cabai tempe naiknaik harusnyasewaktu harga normal antisipasi minumair putihcek pasar cek lapangan investigasi teori","Negatif"
-2,"kadang kangen gatau politik esensi pemilu gatau kepentingan tersembunyi kebijakan porsi nasi warung makan berkurang harganya harga beras cabe langkaatau biaya listrik","Negatif"
-1,"emak emak ngamuknya bulanharga cabe ngamuk rakyat harga cabe turun ngamuk kasihan petani","Negatif"
1,"cabai harga makanan","Positif"
3,"selamat yahanda kaya hadiah pemerintahharga cabe","Positif"
-1,"harga cabai menurun perlahanlahan","Negatif"
-1,"isu bergulir panen berlaludisini selesai harga ganah dibawah kkg baca tweet bpknya harga cabe bpknya disalahkan cabe demand ttp stock tipis gabah demand ttp stock overloadisu impormodar harga anjlok","Negatif"
1,"harga cabe naiknaik kepuncak gunung merah cabenya drw harga tetep ramah dikantong merahnya dipake berbulanbulan","Positif"
1,"menteri harga cabe dikawal produk hasil tani indonesia seimbanganda terobosan monggo analisis negeri globalfakta lapangan biaya pengolahan pertanian mahalmbok mengawasi","Positif"
0,"harga cabe ayam geprek sambelnya semana","Netral"
-1,"pantesan pesen seblak andalan level ibunya ketus lvl sadar harga cabe","Negatif"
0,"harga cabai pasaran mendag lutfi harga cabai disalahkan","Netral"
0,"siang bareng jam ikutan teman hot tanggapan harga cabe mengganggu usaha pengaruh cerita","Netral"
0,"harga cabe","Netral"
0,"harga cabe sii beli geprek skrng gabisa cabe minimal","Netral"
0,"indonesia hadapkan permasalahan sebabkan pandemi covid kelar hadapkan kenaikan harga komoditi pangan merangkak cabai rawit merah bawang merah","Netral"
0,"beneran kemarin pas pulang papah cerita adik mamah beli cabe ribu dapetnya sekepel dalem hati tumben tumbenan merhatiin harga boong pinter masak","Netral"
0,"keresahan bukibuk harga cabai bawang sayursayuran melonjak","Netral"
0,"didu antisipasi harga gas cabai dirumah tungku cor tanam cabai","Netral"
1,"jelang puasa ramadhan harga kebutuhan pokok cenderung cabe ayam garam berasm baca ulasannya koran sindo pagi informasi terbaru sindonews","Positif"
0,"harga turun harga cabe","Netral"
-2,"harga cabe faktor cuaca hujan cabe busuk pohonnya panennya berkurang harga diperhatiin cabe musim ujan musim kemarau harganya turun stok bnyak","Negatif"
1,"lumayan harga cabe","Positif"
-2,"tanaman cabai petani rusak gagal panen penyebab harga cabai","Negatif"
0,"tolong inimah turunin harga cabean flissss ayam penyet langganan harga hfttt","Netral"
0,"harga cabe harga turun","Netral"
0,"cabai rawit bertahan rp ribu harga cabai beranjak","Netral"
0,"stress harga pc ngikutin harga cabe","Netral"
0,"harga disalahkan harga cabe","Netral"
-1,"posisi dimana harga cabe turun skrng ditambah minyak goreng merambah","Negatif"
0,"harga cabe ep","Netral"
0,"harga cabe pedes kebanyakan begadang","Netral"
-1,"harga sembilan bahan pokok harga cabai rakyat menjerit menterinya presiden jokowi harga terkendali hebatnya kabinet kerjanya jokowi","Negatif"
0,"cabe harga pc","Netral"
1,"harga cabai rawit kabupaten situbondo jawa timur melonjak harga cabai melambung rp rp kilogram","Positif"
0,"harga cabai merah pagi irwandi mencapai rp kg sabtu kemarin kisaran rp kg","Netral"
-1,"asam lambung banget harga cabe","Negatif"
0,"harga cabe didiek gus","Netral"
0,"harga cabai bu","Netral"
-1,"bibit cabe harga cabe panik","Negatif"
0,"harga cabai rawit merah meroket diprediksikan mendekati ramadan","Netral"
-1,"pusing banget harga cabai sampaisampai trend berita","Negatif"
1,"harga cabai melambung sortiran laris manis pasaran","Positif"
1,"harga emas harga cabe harga doang","Positif"
-1,"sedih harga cabe fess","Negatif"
-1,"porsi sayuran lengkap peyek bumbu kacangnya sepedas beli faktor harga cabe","Negatif"
-1,"hassan limpo memprediksi harga cabai pasaran ramadhan angka april indonesia musim panas jelang lebaran pandemi permintaan cabai cenderung turun","Negatif"
-1,"dampak harga cabai warung makan sumedang menjerit","Negatif"
0,"harga cabe kandungan cabe bon cabe dikurangin harga bon cabe ttp","Netral"
0,"harga cabe harga bon cabe ikutan","Netral"
0,"bahas harga cabe","Netral"
-1,"pusing banget harga cabe selera memasak","Negatif"
-3,"harga cabe drastis warung geprek jenis pakai level pedas pusing ayam tohjoyo sambelnya manis pusing","Negatif"
0,"dibilang haji belanja mbak harga tukang cabe dikatain jual dikit banget bang keliling dunia disamping mbanya blng murah nanem mbak","Netral"
-1,"menteri pertanian mentan syahrul yasin limpo bicara bahan pangan jelang ramadhan mentan menyinggung harga cabai imbas curah hujan","Negatif"
0,"translate jurnal bahasa inggris bahasa indonesia tarif murah halaman hehehehe jasa ketik jaman kuliah halaman harga cabe tolong gengs","Netral"
0,"tersenyumlah harga cabe amer ingatlah tua mu","Netral"
0,"cinta ukur pap gila harga cabe rawit","Netral"
0,"dips gacoan lv sepedes grgr harga cabe","Netral"
0,"emang harga cabe kemarin beli biji","Netral"
-1,"harga cabe masak cabe anjing","Negatif"
-2,"mamak ngeluh harga cabe tanam mamak menanam cabe rumah orangtua mamak anak menanam bandel banget logika taiii sumpah","Negatif"
1,"kemendag cari terobosan atasi harga cabai","Positif"
0,"cabai gabah turun fluktuasi harga musim kaum tehnik melek","Netral"
0,"bahas harga cabe","Netral"
0,"portal harga cabai merah dki jakarta rabu rp kg kamis rp kg","Netral"
0,"portal harga cabai merah dki jakarta rabu rp kg kamis rp kg","Netral"
0,"semenjak harga cabe sambel enek sng pedes","Netral"
0,"meanwhile harga cabe rawit januari harga normal kisaran rbkg langkah apapun kabar pedagang ayam geprek sambelsambelan","Netral"
-1,"barangnya langka cuacanya hujan kebun kebunnya susah produksi cabe barang otomatis harga cabenya prinsip ekonomi","Negatif"
0,"harga cabai turun panen raya","Netral"
0,"lxlc newkobochan harga tipis uda cabe","Netral"
0,"id harga cabai mendag impor","Netral"
0,"jelang ramadhan harga cabai kota yogyakarta ikuti berita terkini situs","Netral"
0,"akibat harga cabe ayam geprek asalnya cabenya nambah harganya nambah","Netral"
0,"harga cabe","Netral"
2,"suci ramadhan sebentar harga gula beras cabai garam lipat semoga rezeki melimpah allah swt kesehatan menjalankan ibadah puasa sebaikbaiknya aamiin","Positif"
-1,"mamang seblak maaf cabe mahal ribu perkilo bangkrut sewajarnya bayar tidak apa-apa cabe drastis harganya rbu perkilo rbu rbu mencapai harga rbu perkilogramnya","Negatif"
-1,"kemarin makan sate sambas bingung sepedes inget harga cabe","Negatif"
1,"harga cabe lebih baik makan ndok kecap","Positif"
0,"harga cabecabean ikutan","Netral"
0,"harga cabe bawangan siah unn","Netral"
2,"petani cabai untung bangsa pilih kasih harga emas dolar melambung diem giliran cabai hasil pertanian ribut","Positif"
-2,"didu harga cabe petani malas tanam cabe musim bersahabatlantas pejabat kebakran jenggotemang petani harga budaya petani itunrimo pandum hrg gabah turun panen protes demo ngertiin","Negatif"
0,"harga cabai rawit diskoperindag prediksi harga jelang ramadhan","Netral"
0,"kemarin minum berhubung harga cabai minum yakult","Netral"
2,"cantik angka fllowers kaya harga cabe turun","Positif"
-2,"cabe musim hujan ancuran petani gagal panendipasar harga selangit paradoks mbieb harga petani tetep merana skema arau model pertanian cabe tahan hujan josssss","Negatif"
0,"pas beli ayam harga turun geser warung beli cabe harga","Netral"
0,"soeharto netklu cabe harga meja pohon cabekok beda","Netral"
-1,"buibu harga cabe mamang sayur gagal buka pepes akoh","Negatif"
-1,"bangkee cabe rawit merah kg harga gila","Negatif"
0,"maaf presidentolong pantau harga kebutuhan cenderung cabai daging ayam","Netral"
0,"keresahan pagi harga cabe ditambah harga ayam daging sapi menjelang puasa hhmm","Netral"
0,"ngingetin harga cabai birahiku","Netral"
-2,"garam harga naiknya harga cabe kelaparan menimbulkan huru hara negara dikelilingi laut menjemur air laut garam impor kewarasan","Negatif"
0,"harga cabai kendari persen","Netral"
0,"semenjak harga cabe bakmi merica","Netral"
3,"oke terima kasih pengetahuannya ndra cabainaikdibulanramadhan","Positif"
-1,"harga cabe cabe cabean pedas harga","Negatif"
3,"terimakasih cerdas rajin membaca petani sukses panen hasilnya melimpah ruah cabe pakai impor sukses panen harganya turun gagal harga percayalah fafifu berpengaruh kmi petani","Positif"
-1,"harga cabai tasikmalaya gagal panen viva","Negatif"
-1,"harga cabai tasikmalaya gagal panen viva","Negatif"
0,"harga ayam cabe mahal bawang merah mahal bawang putih apanya terkendali terkendali mahalnya rakyatmu kon meneh rego opo larang nyambut angel","Netral"
0,"ngomong-ngomong harga cabe disana","Netral"
-1,"harga cabai tasikmalaya gagal panen","Negatif"
0,"efek harga cabe makan bakwan gadapet cabe","Netral"
-2,"aruna tidur ale aya tidur coba harga cabe aruna adek demam gara bukn es ampun yongi marahin","Negatif"
-1,"hargaharga jelang lebaran cabek pasar rbkg masakan minahasa gabisa lepas cabecabean minggu penyesuaian harga dapur oma taty insya allah kualitas menurun","Negatif"
0,"alasan impor bahan pangan hasil produksi harganya impor cabe harga mahal banget sah makan gada sambel","Netral"
0,"pagi harga cabe harga saos","Netral"
-2,"kondisi konsumen resah harga cabai melambung cuaca buruk melanda kawasan penghasil cabai","Negatif"
0,"kemarin tempe telor besok buibu harga telor harga cabe mahal gini warga ponpel makan aldebaran","Netral"
0,"sthd harga cabe melulu wonpil kang sayur","Netral"
-2,"kadang protes harga cabe bawang beras keras usaha uang keluarin nyalahin mahal banget salahin tengkulak","Negatif"
2,"daerah harga cabe stabil tolong import pecinta makanan pedaskondisi harga cabe sungguh menyiksa khilaf mengambil cabe kulkas konsekuensinya suka dikasih amanat upacara","Positif"
0,"siapsiap besok harga telor semoga besokbesok cabe muncul ic harga cabe mahal","Netral"
-1,"harga daging ayam ras cabai bergerak makassar","Negatif"
1,"kementankomunikasinya percepat stok harga aman terkendali bukti tempe cabai harga","Positif"
-1,"mengerti knapa nyinyir pdhal bulog ngelakuin gini harga beras indo harga cabe ekstrim turunnya","Negatif"
0,"harga kebutuhan pokok minyak terigu daging cabe rumah toko dipasar sebulan kemarin harganya lumayan murah","Netral"
-1,"gila harga cabe serasa haji","Negatif"
0,"harga lotek cabai","Netral"
-1,"topik teman rl membicarakan harga cabe membicarakan harga pc melulu solusi teman rl menanam cabe rumah tanem duit pohon duit","Negatif"
0,"harga cabai impor sindonews","Netral"
0,"harga cabai impor sindonews","Netral"
1,"langkah menjaga stabilitas pangan malam beli anak ayam kampung rencananya pelihara menanam sayuran cabai sebentar ramadhan harga bahan pokok","Positif"
0,"harga cabai gaduh harga turun diam basa mahal dikit petani sejahtera","Netral"
3,"harga cabe kaya makan makanan potongan cabenya abisin makan emas alias mahal banget","Positif"
0,"tulis cabe rawit harga sebentar puasalebaran realistis","Netral"
-1,"garagara gagal panen harga cabai rawit persen","Negatif"
-1,"garagara gagal panen harga cabai rawit persen","Negatif"
-1,"garagara gagal panen harga cabai rawit persen","Negatif"
-1,"harga cabai rawit persen garagara gagal panen","Negatif"
-1,"harga cabai rawit persen garagara gagal panen","Negatif"
0,"ramadhan normalnya harga harga cabe bawang daging sapi ayam potong telur","Netral"
2,"ilangin makan sambel postinganmu makanan bersambal dampaknya garagara el suka sambal harga cabe meroket","Positif"
1,"harga cabai bali paska nyepi tinggiharga jual eceran cabai rawit pasar tradisional bali kabarkan merangkak menembus angka rp kiloselama pasokan cabai rawit bali berasal daerah jawa timur","Positif"
0,"mendag biang keladi harga cabai merah double digit","Netral"
1,"setuju ngomong-ngomong beli ketoprak cabe kemarin jual charge harga cabe seribu perbiji","Positif"
0,"nyawa turun cem harga cabe","Netral"
0,"harga cabai kobar","Netral"
-2,"dimarahin ibuk ambil sambel takut asam lambung ku harga cabe mahal","Negatif"
0,"harga cabe puasa keikhlasannya hahaha","Netral"
-1,"harga cabe disertai komoditi ampun ngurusi amien rais wae","Negatif"
-2,"muhammad lutfi harga cabai rawit merah digit persen maret dibandingkan februari salah satunya akibat kerusakan panen","Negatif"
1,"trend harga cabe mbesok warung makan langganan jualan cabe condiment gratis oteote","Positif"
0,"mudahmudahan sekedar janji puasa lebaran harga sembilan bahan pokok daging cabe rawit harga selangit kasihan semoga ditindaklanjuti dilapangan","Netral"
-2,"marah harga cabe marah harga lampu","Negatif"
0,"harga cabai rawit merangkak menjelang ramadhan harga cabai rawit merah rp kilo cabai rawit hijau rp kilo","Netral"
0,"didu pantesan harga cabe gilagilaan","Netral"
0,"harga cabe gowa rp kg inipenyebabnya","Netral"
0,"cabe harga ayam geprek","Netral"
0,"tempe cabe harga property ikutan hidup komedi job lawak sepi dapur tetep ngebul salesman","Netral"
1,"wadu lumayan cabe skg harga btr puasa ngasal berbuah dicabut seakar","Positif"
0,"inget hri beli cabe pasar beli emg pakai kebuang terpikirkan harga cabe banget disinisin sm jual wkwkwkwkwk pemilik perkebunan cabecabean","Netral"
0,"maharan import cabe sebenernya akal indonesia cabe komoditas pertanian panen harga anjloknya","Netral"
0,"harga cabai lagiiii anjyrrr","Netral"
0,"jelang ramadhan harga komoditi pangan naiksebut cabai rawit telur ayam komoditi pangan lainnyadi solo harga telur ayam turun rupiah kilogramnya harga telur khawatirkan","Netral"
1,"baca twt kakak gapapa daging mahal cabe cabe harganya melebihi harga daging kaum kuat cabe menangis","Positif"
0,"maaf stres harga cabe","Netral"
0,"sabi jogja semenjak harga cabe gacoan lv pedes alig ukuranku dahal nyampe lv","Netral"
-1,"ngatain cwe matre milih calon suami mapan lelaki turunnya harga cabe ngatur duit dapur bau masakan cwe bucinklo milih cwo gg penuhin kbtuhan adik nyesel","Negatif"
0,"harga cabe","Netral"
2,"kuat level hidup harga cabe anak perempuan kuadd semangat sayang","Positif"
0,"harga cabe","Netral"
0,"kementan tegaskan impor harga cabai","Netral"
0,"harga cabe","Netral"
0,"efek harga cabe jatah sambel resto dikurangi banget wadaw","Netral"
-1,"sedihnya harga cabai beli ayam geprek charge lebihan cabainya","Negatif"
0,"harga cabe","Netral"
0,"harga cabe cabe rawit merah rbkg cabe keriting rbkg","Netral"
0,"harga cabe kennn beli level berasa level","Netral"
1,"beli harga dijamin ramadhan fundamental bagus","Positif"
0,"anyaa ngobrolin harga cabe utang negara","Netral"
0,"harga cabe sambel ayam geprek berubah","Netral"
0,"harga cabai mahar jngan","Netral"
0,"harga cabai diprediksi ramadhan","Netral"
0,"cabe harga buset emosi","Netral"
0,"harga cabai diprediksi ramadhan","Netral"
0,"harga cabai pasar tembus rp ribu","Netral"
-2,"ramai cebe lantaran cabe rawit tembus rp kg tangerang tomat mardekadotcom kemarin harga cabe bingung sebagai berikut harga cabe ttak merata dimedan cabe merah kkg rawit kkg kampung kkg","Negatif"
-1,"malam sedih harga cabe","Negatif"
0,"harga cabe dikit mikir banget hiperinflasi garagara utang negara kayaknya napas mikir","Netral"
0,"harga cabe bawang merah","Netral"
0,"bilaaa silahkan jual cabe pasar harga cabe naiknya mayan ongkos","Netral"
1,"depok sebelah daerah pakai cabe beneran harganya kebaikan harga cabe","Positif"
0,"pas bicara harga cabe pedes","Netral"
0,"mie buatan mu mahal harga cabe banget","Netral"
0,"harga cabe telor minyak goreng brsyukurnya beras aman nyikapin kbutuhan harga turun terpikir cari donasi logistik mudahan minggu donatur beras kuota turun lobi pasar bismillah","Netral"
-3,"publik masyarakat butuh informasi harga pangan cabe meroket pengangguran merajalela anjal mengemis dijalanan kota pandemik kunjung selesai papua remeh temeh disiarin area privat pusat","Negatif"
-1,"point menekan harga cabai trend kenaikan harga cabai diprediksi april mei angka rp ribu kilo","Negatif"
0,"harga cabe rawit titik puncak berkah petani terpuruk semoga komoditas terkerek tolong protes cabe setuju ganti cabe rheumason","Netral"
-1,"acara gosip ngebahas harga cabe dimintain pendapat artis salut inisiasinya","Negatif"
0,"harga cabe","Netral"
0,"pengumuman harga cabe rawit merah kota serang lipat","Netral"
-1,"puasa memangnya harga sembilan bahan pokok cabe drastis","Negatif"
-1,"ttp makan pedesrada sedih pas harga cabe","Negatif"
1,"kasih contoh terbantu tol truk bawa sayur potensi sayur busuk jalan trtm cabai sayur perjalanan busuk menikmati rakyat harga jual kulaknya","Positif"
0,"metta harga cabe turun saham","Netral"
0,"liburan suka sebel buka medsos sinyal turun harga cabe pas pakai smartfren unlimited sinyal full banget daerah terpencil mantuy bangettt","Netral"
-1,"cabai rawit tembus rp kg tangerang tomat persen kenaikan harga mengaku mengurangi pasokan cabai rawit merah segar jual","Negatif"
0,"harga cabai rawit sebulan","Netral"
0,"harga cabai merah kuansing naikrpkgnya","Netral"
0,"kenaikan harga cabai rawit pasar tradisional melesat pekan maret","Netral"
0,"harga cabe pedes alternatifnya pakai omongan tetangga julid","Netral"
0,"harga cabai pedagang kurangi stok jualan","Netral"
0,"harga cabai pedagang kurangi stok jualan","Netral"
0,"harga cabe ibuku masakmasak cabenya gausah banyakbanyak mahal","Netral"
0,"harga cabe harga nyungsep","Netral"
-1,"harga cabe rawit pantesan kemarin beli gorengan cabenya dibanyakin penjualnya melotot yaampun miradj berdosa banget","Negatif"
0,"harga cabai rawit perlukan menanam masal lazim pernyataan","Netral"
0,"sorot harga bupati sleman lakukan monitoring harga cabai","Netral"
1,"terang beli banget kecuali sambalnya terdampak harga cabe","Positif"
0,"cabe harga bang","Netral"
0,"diskon banting harga harga cabai","Netral"
0,"selamat kelahirannya ngomong-ngomong harga cabe bingung nyambel","Netral"
0,"sambelnya mahal harga cabe","Netral"
-1,"ngomel harga cabe","Negatif"
1,"suka pedes pas harga cabai fine","Positif"
1,"udeh lebih baik ngobrolin harga cabe bukkk emak ku ku usir kauu afavsjslsldhdiensb","Positif"
0,"langka harga cabai bali turun tembus rp ribu kilogram","Netral"
1,"wkwkwkwk untung mamake club tani pas banget cabenya panen menutupi harga cabai ekwkw","Positif"
0,"id progam rumah pot tanaman cabai insyaallah teratasiharga cepat turun","Netral"
-1,"parah harga cabe gilagilaan tembus ribukg","Negatif"
-1,"tolong dibantu pemerintah pusat perdagangan pemerintah harga bahan pokok pasar terkendali cabe rawit kg harga daging sembilan bahan pokok naikudah jatuh pandemi ketimpa tangga","Negatif"
-1,"harga cabai rawit melejit menjerit harga daging merangkak","Negatif"
-1,"parah harga cabe gilagilaan tembus ribukg","Negatif"
0,"harga cabe","Netral"
-3,"lupa klik tombol subscribe coment jombang harga cabai merangkak petani cabai gagal panen","Negatif"
0,"pernyataan nyeleneh pejabat harga cabe","Netral"
0,"banget selagi harga cabe","Netral"
0,"harga pasar beras lipat harga cabai bawang merah","Netral"
0,"harga cabai merah kuansing rpkgnya","Netral"
-1,"emang parah dampak harga cabe wkwkwkw","Negatif"
-2,"berbeda harga tingkat petani mengalami penurunan pekan harga cabai pasaran tingkat pengecer","Negatif"
-1,"ko harga cabe curiga petani","Negatif"
0,"emang random banget harga cabe emang nilai ekonomi yaaaa peluang bisnis","Netral"
0,"harga cabai bawang disitulah masakan hambar","Netral"
0,"harga cabai omzet warung makan turun","Netral"
0,"menangis uni kmren suruh mentri tanem cabai harga cabai bersuara lurah kroco empati solusi bangsa","Netral"
-1,"harga cabai barbar","Negatif"
0,"sumpah disuruh mikirin harga cabe","Netral"
0,"ati teman-teman harga cabe maling cabe","Netral"
1,"fess pas cabe pedes gatau cabe harga pas stabil","Positif"
0,"perasaan harga cabe obral","Netral"
-1,"harga cabai bertahan angka ribu rupiah kilo pendapatan warung berkurang persen seharihari warung membutuhkan kilogram cabai video harga cabai omzet warung makan turun","Negatif"
1,"pantesan mbahku senyum minggu cabai rawitnya harga","Positif"
-1,"yak kayaknya susah bnr pejabat pemerintah meredam harga cabe daging telor bawang bhkn kemarin kedelai dan lain-lain sjk berulang sosok meredam","Negatif"
0,"harga cabai merah aceh rp ribu kg","Netral"
0,"pedas harga cabai rawit merah gilagilaan bandung jawa barat tembus rp ribu ribu kg","Netral"
0,"yaallah harga cabe","Netral"
0,"harga cabai merah rawit turun via","Netral"
-1,"ramai cabe mahal heloooo kemarin kemana harga cabe kota ku kemarin maret kisaran perkilo","Negatif"
0,"buset harga cabai gilagilaan tembus rp ribukg detikfinance","Netral"
1,"harga cabai lumayan stok hihi","Positif"
1,"pasokan petani minim harga cabai rawit garut","Positif"
-2,"harga cabai harga jual petani rendah cabainya curi ladang otak nyuri","Negatif"
-1,"pasokan berkurang harga cabai merah aceh rp kg","Negatif"
0,"harga cabai sob harga cabai daerahmu","Netral"
0,"harga cabe harga photocard","Netral"
1,"kementansyahrul yasin limpo stok harga aman terkendali tempecabai","Positif"
0,"harga cabe rp berdampak pengusaha kuliner menjadikan sambal pelengkap masakan dijual syaa allah rawon mengurangi kualitas kepedasan","Netral"
0,"harga cabai rawit ngawi jawa timur menyentuh angka rp ribu kilogram minimnya pasokan cabai pasaran alasan utama harga berkali lipat pekan","Netral"
0,"pasokan petani minim harga cabai rawit garut gosip garut via gosipgarut","Netral"
1,"harga cabai rawit merah gilagilaan bandung jawa barat tembus rp ribu ribu kilogram kg","Positif"
0,"lagu lamadibuat naikagar importhidup urusin cabetanam dimakan sendiripasti dak bingung harga cabegoreng","Netral"
0,"harga cabai pemerintah gelar pangan murah jabodetabek","Netral"
1,"harga cabai rawit merah gilagilaan bandung jawa barat tembus rp ribu ribu kilogram kg","Positif"
0,"anak pdsmt harga asrama emak emak pas harga cabe","Netral"
0,"harga cabe merah","Netral"
-1,"pelajaran geografi namanya lempeng bumi bukitgunung lupa mager mikir mikirin harga cabe mahal puyeng","Negatif"
-1,"pedas jeletot harga cabai rawit merah tvone","Negatif"
-1,"pedas jeletot harga cabai rawit merah tvone","Negatif"
0,"harga cabai rezeki petani cabai harga dasar petani murah permainan buka rezeki petani permainan bandar","Netral"
-2,"sedih sedih harga cabe ibuk nyambelnya apalah makan sambel buatan ibuk","Negatif"
-1,"siti penjual sayuran bumbu dapur pasar rembang harga cabai fluktuatif terkadang harganya turun drastis","Negatif"
0,"harga cabe","Netral"
-1,"kasian daud kebun cabenya dicolongin krna harga cabe mengeluh","Negatif"
0,"harga pc pob harga cabe brouuuu","Netral"
-1,"teman-teman pricenya tanyain pinned tweetnya segini harganya segitu harga cabe naiknya banget ora khawatir","Negatif"
0,"ngopo yen harga cabe harga gacoan","Netral"
0,"harga cabe tempe menjelang puasa harga sepatu ventela warrior johnson corona terusssss","Netral"
0,"live interview ketua paguyuban pasar grogolan suharjo harga cabai merangkak harga bahan pokok","Netral"
0,"buka matabuka hati mbak pertumbuhan ekonomiterus terpuruk stuntingmemprihatinkan pengangguranmakin miris mar daya beli lemah puasa lebaran harga harga naiktahu tempe cabai","Netral"
-4,"angka kemiskinan angka kematian angka maling korupsi angka harga cabe daging angka pengangguran angka bayaran buzzerp angka tukang begal pelecehan angka berkilah pemerintah angka hutang pemerintah covid pucing","Negatif"
-2,"pengen sugar mommy gausah pusing pusing mikirin harga cabe","Negatif"
0,"mus harga nasi bungkus duit harga cabe sdg","Netral"
0,"harga cabe rawit","Netral"
0,"harga cabe harga cabeancabean","Netral"
-1,"harga kebutuhan pokok padang cabai merah pedas","Negatif"
3,"pengen bisikin gausah ngadain acara hotel hotel pasar tawar tawar harga cabe harga hotel samain kaya harga","Positif"
2,"cepat banget melonjak replyannya aslii kaya harga cabe kkg","Positif"
0,"busetttt mentang mentang harga cabe naek","Netral"
-1,"harga cabai makassar meroket rp rp kilogram peningkatan harga cabai diperoleh distributor bergerak maret alasan persediaan berkurang","Negatif"
0,"harga cabai rawit pasar tradisional kabupaten gresik jatim tembus harga rp ribu kilogram kg","Netral"
-1,"ikutan pusing harga cabe beli gorengan dikasih cabe","Negatif"
0,"harga cabai bawang merah jual cabai rp bawang merah rp ribu perkilo","Netral"
0,"cuaca ekstrem harga cabai gilagilaan pekan","Netral"
-1,"pemprov dki jakarta singgung petani enggan menanam imbas harga cabai","Negatif"
-1,"mineral bahan mentah irit harga cabe koyo","Negatif"
-2,"harga ku cabe dikurangi cuannya tidak apa-apa berkurang barokahnya eits barokah","Negatif"
-1,"menggerakkan harga harga turun menyentuh harga resistance analoginya penjual cabe harga rp kg pedagang mengharapkan harganya harga kekuatan pasar","Negatif"
0,"harga cabai boncabe hargane tetep","Netral"
0,"harga cabe","Netral"
-1,"gila zaman skg harga cabai diatas harga daging permainan tengkulak fungsinya","Negatif"
1,"harga cabe tembus rp untung pedagangya benih pestisida mahal pupuk langka biaya sewa lahan harga pembelian tengkulak harga pasar","Positif"
0,"harga cabe kerasa banget astagaaa belanja ribu isinya seupritt","Netral"
0,"harga cabe","Netral"
0,"harga cabe gaji","Netral"
-4,"musim cabe gagal panen sayur dan lain-lain babi wabah makan babi ayam murah kamis jumat harga","Negatif"
0,"ayutika harga cabe","Netral"
-2,"gengsi saingan peduli menahan pedas pantesan harga cabe diborong vincenzo","Negatif"
-1,"kemarin cabe rawit setan tembus ribukg daerah emang mahal cabenya emak ngbrol ngeluhnya harga cabe","Negatif"
-1,"harga cabe tanaman musiman kadang harganya kadang renda tergantung pasokan harga melonjak karnakan cuaca hasil petani berkurang","Negatif"
-1,"harga cabe rawit pedas mulutmu","Negatif"
0,"harga cabe main rp dimana hati nuranimu","Netral"
0,"ajak ngobrol san papa suka topik harga cabe kancil suka mencuri ketimun","Netral"
0,"harga harga cabe bumbu dapur edisi denger tukang sayur keliling","Netral"
1,"harga cabe berpengaruh cabe cabean","Positif"
-2,"nunggu november kemarin nanem biji jdiny banget panen brthn hama musim hujan harga cabai tanaman cabe dilahan busuk curah hujan","Negatif"
-1,"harga cabai naikmaka tindakan penyelamatanyaitu import cabaiitu rumusnya","Negatif"
1,"senang gaji rp juta perbulan kenaikan harga contohnya cabe uda gaji jutapun kebutuhan","Positif"
1,"menteri pertaniansyahrul yasin limpo mulutmu stok harga aman terkendali tempenaik cabai","Positif"
0,"harga cabai pemerintah siapkan langkah strategis ikuti berita situs","Netral"
-1,"mengerti harga cabe ramadhan banget harga sembilan bahan pokok kesal emang","Negatif"
0,"harga cabai nyambel mahal makan pakai saos botol belibis dan lain-lain beli lauk ikan dendeng balado dan lain-lain harga lauk diwarung padang","Netral"
1,"untungnya keluarga gabisa pedes harga cabe","Positif"
0,"harga cabe ditempat ku harga wae dung","Netral"
-1,"memilih nongkrong malming besok sayurnya pedes harga cabe saham bris kalah","Negatif"
0,"hahahihi sebentar ayo belajar harga cabe","Netral"
0,"duasatu petani merugi harga cabe selisih","Netral"
-1,"cuaca buruk harga cabai medan rp kilogram","Negatif"
1,"bersyukur harga cabe makan pedess","Positif"
-1,"rumah masakan ibuk pedes tandanya harga cabe","Negatif"
-1,"harga cabai akibat cuaca buruk","Negatif"
0,"puasa harga cabe sikit sikit duaribu duaribu","Netral"
1,"kunjung stabil harga cabai","Positif"
0,"ngecek harga cabe merah sambal warung tegal uda warna merah","Netral"
0,"kayaknya jarang nawar harganya akal harga cabai bawang ayam telur bicara penjualnya munggah meneh saiki tetep beli namanya butuh","Netral"
0,"harga cabe rawit salut tukang seblak langganan harganya ceban pedesnya banyaknya curiga doi kebon cabe rumahnya","Netral"
-1,"harga cabai pedagang bandung terpaksa jual cabai busuk inews pagi","Negatif"
-1,"kementan harga cabai petani enggan menanam","Negatif"
1,"lebih baik hitung harga cabe","Positif"
1,"kaya harga cabe allah","Positif"
0,"doyan pedes harga cabe its","Netral"
-1,"cerita pas tidur siang mimpi beli instan mateng harganya penjualnya harga cabe","Negatif"
-1,"harga cabe aduh pusing","Negatif"
0,"siang beli seblak banget pedes pas berita harga cabe pantesan","Netral"
0,"harga cabe rawit pasar tradisional","Netral"
-1,"harga cabai tembus rpkg mendag salah","Negatif"
0,"pemerintah harga cabai petani tanam","Netral"
0,"aduh diskon cororong harga cabe","Netral"
0,"harga cabe","Netral"
0,"birthday gift suami benih cabe tomat keinget harga cabe doyan banget makan sambel maap cabe muncul","Netral"
0,"harga cabai kudus tajam","Netral"
0,"gara harga cabe beli gorengan cabe","Netral"
0,"id kabar harga cabe telur turun roller coaster","Netral"
0,"harga cabai terkendali pemerintah dinilai paham desain pangan","Netral"
-3,"musim panen cabe harga anjlok cuman kg petani rugi parah giliran petani nanem harga banget gabisa pas petani panen dipasar cabe melonjak ekspor gapaham sistem pasar solusinya petani ngenes","Negatif"
1,"pelajaran bagusakibat harga cabai pemerintah berusaha turunkan harga berusaha impor giliran cabe harga turun berbuat tanam harga layak petani gabah","Positif"
0,"harga cabe","Netral"
-1,"judul beritanya harga cabai harganya enggan turun","Negatif"
-1,"kementan harga cabai petani enggan menanam","Negatif"
0,"harga cabe duit belanjanya","Netral"
0,"aduh harga cabai rawit merah bekasinaik","Netral"
0,"akibat cuaca ekstrem harga cabai rawit domba melejit","Netral"
0,"harga cabai","Netral"
1,"pesen lotek penjual curhat harga cabai kasih","Positif"
0,"sedang apa harga cabe naiknya babget kabarin","Netral"
2,"harga cabe tenang cabe tanamanku berbuah puji gusti nyambel aman","Positif"
0,"harga cabai petani daerah merugi","Netral"
0,"mama ngomelngomel harga cabe","Netral"
0,"gawat harga cabai mesti kurangkurangin makan pedes kuat makan pedes level sii","Netral"
0,"harga cabai","Netral"
0,"ngeramaikan dikala harga cabe pedes salah emakyg beruntung petik kebun beli sampegk harganya melambung panen bagike tetangga","Netral"
0,"harga cabe gaji","Netral"
-2,"harga cabai rawit wilayah jakarta sorotan pasalnya harganya salah satunya akibat cuaca buruk melanda tanah air","Negatif"
0,"id harga cabe turun az","Netral"
0,"lapor harga cabai merah pasar way halim menyentuh angka signifikan minggu kemarin kisaran harga rban laporan selesai","Netral"
0,"harga mobil turuntapi cabai","Netral"
2,"id suka menyuarakan kesusahan rakyat daftar dpr harga suara petani cabe kegirangan suarakan emang cuman bersuara","Positif"
-1,"harga pangan dijaga utamanya kebutuhan pokok drun beras gula minyak telur teriak cuman cabe ramai dolenmu aduh","Negatif"
0,"id cool room sambel bawang sip catering harga cabe turun maklumin","Netral"
1,"harga saham turun harga cabe berharga ttp ladang pertanian","Positif"
-3,"menanam cabe rumah gangguan hama solusi hemat biaya belanja harga","Negatif"
-3,"musim hujan cabe busuk salah pemerintah normalnya panen hektar ton cuman ton salah pemerintah pemerintah import salah nikmatin musim kemarau cabe bagus harga kg","Negatif"
-1,"cuaca buruk harga cabe rawit pasar tradisional kota probolinggo","Negatif"
-1,"harga bahan pangan melambung akibat petani cabai daerah gagal panen tvone","Negatif"
0,"harga cabai ditentukan siklus alam penjelasan kadis perdagangan umkm perindustrian palangkaraya","Netral"
-1,"harga bahan pangan melambung akibat petani cabai daerah gagal panen tvone","Negatif"
0,"harga cabe mlu jarang sambel","Netral"
0,"harga cabai rawit lipat tembus kkg astagaaa","Netral"
0,"harga cabe krna cuaca gajimu turun krna","Netral"
0,"harga cabe pasar turun harga cabecabean adeknya","Netral"
-1,"sebelah kiri marah harga cabe","Negatif"
0,"harga cabe jokowi turun","Netral"
0,"buset harga cabe","Netral"
0,"rebu sekilo anjer wkkw indonesia harga cabe","Netral"
0,"suwer saudara laki-laki mengerti mengerti harga cabe garam impor keledai impor makan tempe mewah bahan bakunya impor","Netral"
-1,"pedas harga cabai rawit merah kota tangerang rp ribu via","Negatif"
0,"harga cabe kabar beli cabe taro kulkas kosan hilang dibuka sama sekali bungkusnya ludes","Netral"
-1,"kritik harga barangcabenaik menteri","Negatif"
1,"coba kadang harga cabekedelaidll turun perencanaan strategislah milih komoditas ditanamnnya emg mudah nentuin prospek kedepannya","Positif"
3,"harga cabe meroketseneng dengarnyakrn petani menikmati keuntungan miris sektor brdampak kenaikan cabespt bisnis kulinerwarung makanjd adil dipikir mmapa penyebab cabe yaapa pupuk mahalapa supply dikit demand","Positif"
0,"harga harga sayur mayur cabe rawit merah berkisar rp kg","Netral"
0,"harga cabai rawit merah persen","Netral"
-1,"ujian berat tukang nyambel harga cabe","Negatif"
0,"harga cabe maklum usum udan lomboku panen","Netral"
0,"del coba tanem taneman cabe rumahibuku bertahun nanem kerasa harga cabe turun","Netral"
-2,"know feeling tidak apa-apa nikmatin menjerit tertahan tidak apa-apa turun belanjanya dikit krna sna musim hujan harga cabe semangat kakak","Negatif"
-1,"menteri pertaniansyahrul yasin limpo blunder kaget blunder harga tempenaik cabai rawit merah kg mulut mu stok harga aman terkendali","Negatif"
-1,"pedas harga cabai rawit merah kota tangerang rp ribu","Negatif"
1,"ibuu harga cabe dimohon nawar bu sananya gadapet untung","Positif"
-1,"harga cabai meningkat musim hujan cabe ribet banget ujan kemarau lebaran melulu turun","Negatif"
0,"cabe rawit bang harga melejit pedagang masakan harga bahan utamanya melejit cari bertahan","Netral"
0,"oma harga cabe eno","Netral"
-1,"harga cabe murahan","Negatif"
0,"banting harga cabe tolong kesiksa makan pedes cabe","Netral"
-1,"yeep kemarin spechless gegara harga cabe rawit ganti harga allah segitunya","Negatif"
0,"merdeka mengantisipasi maslah hujankemarau musim hujan harga cabe melonjak mejleang lebarannatal harga telur maslah suply demand diurusin batery mobil listrik urusan receh","Netral"
0,"sebulan jelang ramadan harga cabai bandung rp ribu gram","Netral"
-1,"dampak cuaca buruk harga cabai pasar tumenggungan kebumen merangkak","Negatif"
0,"sebulan jelang ramadan harga cabai bandung rp ribu gram","Netral"
-1,"harga ayam gepreknya harga cabai melambung wajar namanya cabai bawang dan lain-lain turun susah turun harga ayam gepreknya turun turun terdiam","Negatif"
0,"harga cabai merah jambi capai rp ribu kilogram via","Netral"
0,"harga cabe makan pedespun berasa","Netral"
0,"harga cabai rawit melonjak rp kg","Netral"
1,"ngurangin konsumsi cabe kesehatan harga cabe","Positif"
-1,"sedih harga cabe rawit melulu","Negatif"
0,"ngetiknya turun harga cabe hehehehe","Netral"
0,"harga mobil turunehh harga cabe naikspt dikasih intensif pemerintah","Netral"
0,"harga mobil turunehh harga cabe naikspt dikasih intensif pemerintah","Netral"
0,"adinda syahrini kaget harga telor cabe dan lain-lain","Netral"
0,"harga cabai merah bawang pasar raya padang","Netral"
0,"harga cabe sekilo sebijinya","Netral"
0,"harga cabai lokal pontianak tembus rp kilogram","Netral"
0,"harga cabe omonganmu pedes","Netral"
0,"harga cabe","Netral"
0,"harga cabai pasar ida","Netral"
0,"harga cabai aleg pks dpr ri johan rosihan pemerintah menjaga ketersediaan","Netral"
0,"harga cabe onset menipis naikin harga dagangan","Netral"
1,"berakin nyus harga ayam potong menggila sesuai kualitas harga cabai mencapain perkilo gram","Positif"
0,"harga cabai aleg pks ingatkan pemerintah jaga ketersediaan","Netral"
0,"nkri harga cabe","Netral"
-1,"dya kampung harga cabai inflasi","Negatif"
2,"indomie potongan rawit afdol cabe berlimpah berpengaruh harga naikgak tetep beli","Positif"
-1,"kadang bingung komen harga cabe turun","Negatif"
1,"ratarata harga pangan pasar tradisional tipis senin kenaikan terbesar dipimpin harga cabai rawit merah harga cabai rawit merah persen kg rp kg","Positif"
0,"harga brambang bawang cabe ayam","Netral"
0,"harga cabai rawit merah melonjak februari kisaran rp rp turun rp kg","Netral"
0,"indeks harga perdagangan februari pemicunya cabai atap baja","Netral"
1,"cuaca ekstrem harga cabai rawit ikan segar februari","Positif"
-1,"sedih harga cabe harga daging cabe kg daging sapi kg","Negatif"
1,"cabai rawit komoditas bernilai buktinya jumpai harga kg cabai rawit mahal harga kg daging ayam harganya kirakira penyebabnya","Positif"
-2,"pedas harganya pedas harga cabai rawit merah hijau bekasi jawa barat rp ribukg kenaikan diduga cuaca buruk berdampak hasil panen petani","Negatif"
0,"informasi masyarakat harga cabe kg skrang harganya ribuuu","Netral"
-1,"ekspresi serius bicarain harga cabe","Negatif"
0,"harga cabe","Netral"
1,"harga emas turun harga cabe rawit","Positif"
0,"harga cabe banget mikir nyambel pakek bon cabe hemat","Netral"
0,"barusan belanja mingguan dipasar harga cabe yawlah","Netral"
1,"hargaharga uy cabe rawit rbkg cabe keriting merah rbkg bawang bombay rbkg tomat kg lettuce head rbkg kiyuri rbkg timun rbkg daging ayam rbkg harga jual kedai gofoodgrabfood normal naikin harga bagus","Positif"
0,"harga cabai persen pasarciseeng","Netral"
-2,"harga cabai drastis kualitasnya menurun berita selengkapnya","Negatif"
0,"ohmy minggu pasar harga cabe telur pantesan kemarin sayur ngirimnya dikit banget butuh asupan pedes cookies","Netral"
0,"harga cabai rawit merah tembus kg klik baca","Netral"
1,"hasil panen cabe rek sattisfying poollll metik cabe lumayan menghemat pengeluaran disaat harga cabe","Positif"
0,"harga pasar beras lipat harga cabai bawang merah","Netral"
-1,"pajak barang mewah digratiskan bpjs kalangan menengah apakabar pajak token listrik pulsa kedelai kerap harga cabe jengkol harga beras pusing emak dimana kebijakan profesional rakyat ciliknya","Negatif"
0,"harga cabe bang","Netral"
-2,"cuaca buruk faktor petani gagal panen harga cabai melonjak","Negatif"
0,"jualan ibuk ntaran harga cabe","Netral"
0,"mood mudahnya turun harga cabe dipasar","Netral"
-3,"berdiri tegak pohon beringin kokoh pohon cabe rapuh tiup angin goyah pedas kuat ngomong-ngomong emak harga cabe banget","Negatif"
0,"saingi daging sapi harga cabe purwokerto dieceran rp biji rp kg","Netral"
1,"rey harga cabe kasih hatiku yh kmu simpen bike bike","Positif"
-1,"mvllestari tv paakkk cukuupp tolong pakkk malu nonton jendral mantan presiden cengeng pakk kaya emak curhat harga cabe","Negatif"
0,"nonton berita tv harga cabe ibuibu diwawancara aduh cabe cucu makan gapake cabe makan cabe langit berbintang","Netral"
0,"setan setanan pas harga cabe kaya gini produksinya","Netral"
1,"mobil kebutuhan rakyat stabilisasi harga cabai berguna kebijakan rbkilo dipasaran harga tol nikmatin rakyat rakyat kebagian mesti bayar","Positif"
0,"harga cabai rawit merah pasar pagi tembus kemarin","Netral"
-2,"id siang pergi pasar iseng harga harga cabai pedas harga kacang kejepit harga pisang turun sedih harga susu menonjol","Negatif"
0,"harga cabai gini","Netral"
-1,"nov sekilo cengek domba cengek ijo sekilo menangis banget harga cabe keriting merah ijo angka alloh beli rbeun biji","Negatif"
4,"delapan belas coret tergemes ever read baper paraaaaah semanis manis mood banget mood harga cabe turun terima kasih beautiful au love love sehat another au","Positif"
0,"harga cabe melulu cumn selang bebrrpa minggu alig","Netral"
0,"marahmarah pas harga beras cabe bawang","Netral"
-2,"cabe rawit orange parah harga kgnya pedagang kuliner pusing keliling harga teruscorona gini nombok ditmbh cabe naikmau tutup kasian pegawai berhentikantlg bantu normalin harga cabe","Negatif"
0,"kayaknya jogja syukuran masakin teman komplit mie ayam jamur sate thaican porsi habis xxxrb pakai cabe ajah aman dompet lirik harga lombok rawit grateful vik","Netral"
0,"harga cabai rawit mataram dipicu cuaca insidelombok","Netral"
0,"membicarakan harga cabe","Netral"
-1,"semenjak mamak harga cabe alig pas dikang sayur syok dengernya kg harga daging pas mudeng harga cabe","Negatif"
-1,"paraaaah mithhh lelah banget dicomplaint harga cabe haji doakan musim berganti cabe hidup","Negatif"
0,"emak emak ngmginnya harga cabe","Netral"
0,"mengeluhkan harga cabe rawit semalem ayam geprek telur orakarik sambel bawang pms","Netral"
1,"harga cabe bawang alasannya banjir dimanamana trend kenaikan menyambut ramadhan nyambel","Positif"
0,"harga cabe tomat kol turun dikit kentang dikit lainnyatetap","Netral"
0,"percayalah harga cabe tementemen cabe tinggal diam ikutan cabe","Netral"
0,"gegara harga cabe beli basoseblak dimanapun berasa pedes dikasi sambel banyakan","Netral"
0,"harga cabai merangkak","Netral"
1,"harga bawang cabe males masak lebih baik beli warung tegal","Positif"
0,"harga cabai pasar cileunyi melejit","Netral"
-1,"harga cabai mojokerto drastis","Negatif"
1,"harga kebutuhan pokok dapur melonjak ponorogo jawa timur kenaikan harga cabai melonjak lipat","Positif"
0,"harga cabai rp ribu kilogram","Netral"
0,"harga cabai ponorogo melonjak cabai rawit rp ribu kilogram rp ribu kg","Netral"
0,"tergantung harga cabe turun","Netral"
0,"harga cabe","Netral"
0,"diwaktu harga cabe produsen saos cabe harganya","Netral"
-1,"nissa sabyan kayaknya pengalihan isu harga cabe","Negatif"
0,"harga cabai magetan rp ribu kilogram","Netral"
0,"harga cabai magetan rp ribu kilogram","Netral"
0,"perkara harga cabe lapor kemana enaknya pedagang kaya gini pusing cabe ugalan gini daerah ugalan harga cabe","Netral"
-1,"seblak kosong kakak harga cabe","Negatif"
-1,"banjir harga cabe meresahkan besok allah","Negatif"
0,"harga cabai surabaya rp ribu rp ribu kg","Netral"
-2,"seneng mediakl banjir ngadu dombatar luuudiakherat sedang apa bininya marah dimuatdia harga cabe ngomel dimuat","Negatif"
0,"asam lambung melulu buset uda kaya harga cabe","Netral"
-2,"mengurangi pedas masakan harga cabai rawit magetan harga cabai rawit tembus rp ribu kilogramnya","Negatif"
0,"mendekati puasa banget harga cabe perbawangan","Netral"
-2,"penikmat pedas harga cabe melambung siksaan harga daging pas napsu makan pas duit nipis andalan sambel telor ceplok nasi panas uda niqmat tiada tara","Negatif"
0,"harga cabai turun","Netral"
0,"harga cabai turun","Netral"
0,"tergantung bang harga cabe ditempat perkilo","Netral"
0,"harga cabai rawit merah mencapai rp kg rp dibanding selasa","Netral"
0,"harga cabe sayangku jeongpuups eww","Netral"
-2,"jenis cabai pasaran merangkak cabai merah cabai rawit terkenal pedas tersebutpara pedagang cabai mengaku dagangan sepi pembeli kenaikan harga cabai menembus angka rp kilogramnya","Negatif"
-2,"harga cabai merangkak pemilik kedai makan warung tegal rumah makan padang jakarta mengurangi sambal menu makanan jual konsumen merekapara pemilik kedai makan warung tegal menjerit kenaikan harga cabai pasaran","Negatif"
-1,"pasokan berkurang harga cabai merangkak","Negatif"
0,"musim penghujan harga komoditas pangan terpantau harga cabai","Netral"
0,"harga cabai rawit domba cianjur melonjak tembus rp ribu perkilogram","Netral"
-2,"harga cabe pusing virus kelar","Negatif"
0,"badan cuaca musim ujan habis besok ujan kementan besok harga cabe turun besok anu corona habis besok nambah pilih mandat besok ambyar rakyat php melulu","Netral"
5,"terima kasih giveawaynya semoga rezekinya dilancarkan semoga cabai laris harga cabai tertawa bahagia birthday semoga umur sehat stay healthy bahagia all best wishes kakkk","Positif"
0,"hubungannya pajak mobil bpjs stimulus hitungannya status vaksin digratiskan harga cabe","Netral"
0,"harga cabai merah cabai rawit turun bawang merah via","Netral"
0,"harga cabe dipasar","Netral"
1,"contoh nidia makan harga cabe","Positif"
0,"harga cabai kian","Netral"
0,"harga cabai beras merangkak libur","Netral"
0,"kakak sejati habis pasar beres belanjaan ngeluh harga krna emg kedelai langka banget skrang bersyukur harga cabe turun tba panik inget puasa planning beli cabe mhal","Netral"
0,"curi dengar pagi harga cabe","Netral"
0,"harga cabe","Netral"
-2,"salah alasan perempuan duduk ngopi bareng bapakbapak harga cabe bawang","Negatif"
0,"walah harga cabe","Netral"
1,"kurosaki bu besok harga cabe pasar buruan beli nyesel alias luarbiasa sehat yaaaa","Positif"
0,"yaaaa pelan harga timun tomat cabe rawit","Netral"
0,"sadar harga cabe","Netral"
-1,"aldebaran fahri melaporkan harga cabe drastis","Negatif"
0,"harga cabe turun koyo celono gegeden","Netral"
1,"cj denger disekitar gedung bej hqnya trading fiktif investor beli cabe keriting harga rbkg diawal ton pantau pergerakan harga dikondisikan rri onair harga cabe keriting rbkg pialang bayar rbkg ton variasi","Positif"
0,"jelang imlek harga cabai rawit daging sapi jakarta","Netral"
-1,"buruknya cuaca sebabkan pasokan daging sapi cabai rawit terhambat imbasnya harga barang","Negatif"
0,"tomat kentang harga cabe merah rawit banjir bawang menggeliat lainnyatetap","Netral"
0,"nurdin mahal jalur distribusi kemarin harga cabai drastis teman petani cabai harga stabil pemain","Netral"
-1,"lambung sensitif tersentuh biji cabai cabainya tumbuh pohon cabai lambung anggaplah investasi dengar dengar harga cabai asam lambung bersambung","Negatif"
0,"dapur taunya harga cabai","Netral"
0,"musim penghujan kota depok harga cabai","Netral"
-2,"aneh alasan haramnya turunnya harga pengaruh emosi bedanya harga cabe daging petani harganya anjlok melambung komoditas busuk spekulatif saham","Negatif"
-1,"pikir pedas tega harga cabe","Negatif"
-1,"belajar puluhan masak pelajarannya harga cabe langka harganya gilaan berbondong invest harganya jatuh gilaan","Negatif"
0,"harga cabai merah pasar raya padang turun","Netral"
-1,"jagung ubi asl perut kenyang protes harga daging tempe cabai sayuran ketawa seistimewa hidup takut makan kmi bahagia makan seadanya","Negatif"
1,"jelang perayaan imlek harga telur cabai rawitnaik","Positif"
0,"harga cabe","Netral"
1,"harga telur cabai rawit jelang perayaan imlek","Positif"
-1,"kualitas cabe menurun susah banget geprek cabe pas seblak gacoan ngefek wajar harga cabe berpengaruh dikualitas makanan hufff sedih banget makan pedas pas","Negatif"
-2,"gabisa bosan judeg jualan sepi daya beli masyarakat menurun harga cabai meroket","Negatif"
0,"nnyliana kayaknya gara harga cabe","Netral"
2,"ceo maaf apalah hendra dibanding ceo presiden maaf harga cabe maksa tukang sayur rumah pernyataan maaf","Positif"
0,"cuman harga cabe doang harga pc","Netral"
0,"harga cabe","Netral"
-1,"harga cabe coba besok besok cek engga","Negatif"
-1,"harga ayam turun cabai merah pasar lubuk tidak setia","Negatif"
-1,"perkara serius dibanding harga cabe bund","Negatif"
-1,"cuaca buruk harga cabai agam","Negatif"
-1,"cuaca buruk harga cabai merangkak agam","Negatif"
-1,"cabaicabaian harga bawang merah pasar lubuk tidak setia padang","Negatif"
1,"dipasar demo sayur mayur cabe merah cabe rawit harganya ribu rpkg negara negara agraria tanahnya luas ngurusin harga ngurusin politik urus kebutuhan rakyat","Positif"
0,"harga cabai skrng mahal pokoknya keatas","Netral"
0,"goblin fight way itaewon class tale nokdu school drakor nonton drakor profesional contra dating harga cabe taunya harga cabai rawit pasar","Netral"
0,"harga cabe turunharga kain batik","Netral"
0,"musim hujan harga cabe rawit pasar inews sore","Netral"
0,"someday mbakdoakan sajaharga cabe daun berani pesanan special buatkn","Netral"
0,"moodnya turun kyak harga cabai","Netral"
0,"turun sebentar harga cabai merah pasar raya padang harga kebutuhan bahan pokok cabai merah keriting mencatatkan kenaikan harga komoditas pangan cenderung stabil rabu harga cabai dibanderol","Netral"
0,"turun sebentar harga cabai merah pasar raya padang","Netral"
0,"harga cabe persen","Netral"
0,"pecinta cabai kencangkan ikat pinggang harga cabai kian inews siang","Netral"
0,"harga cabe rawit porsi sambel ayam geprek dikit","Netral"
0,"koyo cabe berasa cuyyy harga cabe","Netral"
0,"harga cabai pasar rau persen","Netral"
0,"fantastis harga cabai lipat","Netral"
0,"harga cabe cabai rawit merah kisaran rprp perkilogram kg diutarakan ikatan pedagang pasar indonesia ikappi harga komoditas pangan relatif normal","Netral"
0,"harga cabe kayaknya cabenya kurangin","Netral"
0,"harga cabe ambyar","Netral"
-1,"pasokan berkurang harga cabai merah jambi cabai rawit turun via","Negatif"
0,"harga cabai diliput warung tegal warsun pemodal geprek bensu diliput bumbunya pakai cabecabean bu pemimpin redaksi liput geprek bensu seriously youre such moron bloon jual kejelataan","Netral"
0,"pengumuman covid indonesia harga cabai telor pasar","Netral"
0,"harga cabai jajane akuhh","Netral"
-2,"bingung harga cabe ipk engga","Negatif"
0,"riego berbagikasih husna gawaat harga cabe","Netral"
2,"beli sambel kasi bonus murah promo kpcs pcs gram ready varian harga cabai kirim menerima pembayaran tf apapun kecuali ngutang testi ig sambelpecelmurah beli","Positif"
1,"harga cabai rawit kotawaringin barat tipis stabil","Positif"
1,"harga sembilan bahan pokok terpantau pasar tradisional kota kenaikan harga tertinggi cabai rawit hijau rp ribu kilogram ksc","Positif"
-2,"salah satunya harga cabai kering dilaporkan melonjak tajam rp kilogram kg rp kg","Negatif"
0,"harga cabai ikan cuaca buruk maret diharapkan stabil","Netral"
0,"pandemi harga pangan cabe merahtertinggi","Netral"
1,"adjem sambelnya pedes harga cabe akibatnya muda dipetik duluan tua hilang","Positif"
0,"bps catat harga cabai pupuk januari","Netral"
0,"bps catat harga cabai pupuk urea januari","Netral"
0,"bps catat harga cabai pupuk urea januari komoditas mengalami kenaikan harga januari cabai rawit kacang kedelai wortel kubiskol kelapa sawit pupuk urea besi beton","Netral"
3,"harga harga masakan pedas cabe cabean googlesambil ngebayangin pedesnya gurih nikmat makanan makanan google","Positif"
0,"harga cabe ye pesen geprek lv berasa lv","Netral"
0,"harga cabai rawit tahutempe januari bps cuaca harga bahan baku","Netral"
0,"harga cabai merah aceh","Netral"
-2,"bu kerumahku nyantai ku bikinin kopi khas lampung cemilan keripik pisang khas lampung sebat ngobrolin negara bu pusing harga cabe pusing bu makan pedes","Negatif"
0,"harga cabai kota balikpapan melonjak tajam kenaikan harga cabai kota minyak tembus rp ribu kilogramnya persen","Netral"
-1,"drastis keluhkan hargacabai","Negatif"
-1,"setakat bawang jenis cabai harga gila","Negatif"
0,"harga cukai harga cabe bpjs terussss rakyat cekikkk","Netral"
0,"harga cabai rawit medan persen mencapai rp ribu pedagang teriak beli jurnal medan pemko","Netral"
1,"cabe bandarnya saham sederhananya bandar pemegang mayoritas saham mudah atur harga turun bandar cabe","Positif"
0,"harga cabai melambung lantas otomatis kesejahteraan petani harga anjlok menyengsarakan","Netral"
0,"harga cabe bawang mei","Netral"
0,"kementan harga cabai bawang datanya","Netral"
-1,"ekonomi susah hargaharga daging cabe iphone kecuali sebiji telor","Negatif"
0,"hujan turun harga cabe","Netral"
1,"selamat pagi dunia tiputipu pandemi era digitalserba online pakek bnget listrikpulsa doong peluangcuannih pajakinnih harga pulsatoken eko miroket hargatarif bpjs cabe daging waaw buanyak","Positif"
1,"pasar harga cabe rawit kg rp daging kg rp padahak kemarin uda demo sejabodetabek kaya coba","Positif"
0,"harga cabe ras","Netral"
0,"harga cabai pasar dkijakarta","Netral"
-2,"hahaaha omong kosong musim ujan harga cabe","Negatif"
1,"harga emas harga saham harga bitcoin harga cabe turun uang tabungan cashflow berantakan akibat belanja ngabisin duit gini coba","Positif"
0,"musim hujan harga cabe rawit","Netral"
-3,"pekerjaan rumah bikes masak masaknya gegara kewajiban gegara pengen merasakan cewek seumuranku gausah mikir masak harga bawang cabe sebeelllll","Negatif"
0,"chaniago harmoko muncul ditivi harga harga bbm sembilan bahan pokok smua pintu imformasi jaman panjul amburadul mengurus harga cabe kelar kelar","Netral"
0,"chaniago harga cabai harga bawang pasar indonesia beliu harganya turun","Netral"
0,"anggaplah saham cabe rawit lebaran harganya supply demand harga telor ayam jatoh supply distribusi","Netral"
0,"forgot check this morning was productive maksa panen harga cabe lipat harga panen","Netral"
0,"pgn masak harga cabai banget gajadi laaaa","Netral"
0,"cabe seuprit harga bumbu bawang segitu","Netral"
0,"harga cabai rawit merah pasar tradisional dki jakarta merangkak","Netral"
0,"harga cabai rawit merah pasar tradisional dki jakarta merangkak","Netral"
0,"harga cabai jenis kribo rp ribu kg rp ribu kg ismail","Netral"
-1,"kayaknya sukses kebon cabai sedih harga cabai beli apapun sambalnya pedes dikasihnya segabisa makan pedes pedes tidak ada uang lidah","Negatif"
0,"bnr banget geprek dkt rumahku enakkk banget gamau harga ttp laris cabe didikitin seuprit","Netral"
0,"tibatiba mikirin harga cabe","Netral"
0,"bund harga cabe","Netral"
0,"pekanbaru harga cabe merah bukittinggi rp ribu rp ribu kilogram","Netral"
0,"main petani malam harga cabe","Netral"
-1,"harga cabe asam lambung","Negatif"
-2,"mei temanku kebun cabe merahnya dibakar gara dipanen menunggu harga turun kg marah","Negatif"
0,"harga cabe soalnyag","Netral"
0,"yaallah harga cabe bae","Netral"
-1,"dirumah planning pasar beli giliran pasar pas harga cabe kg otak blank dasar emakemak denger harga dikit olenggggg","Negatif"
0,"harga cabai ciamis signifikan persen","Netral"
0,"bakso gapeduli harga cabe tetep mempertahankan resep sambel cetarnya pentol cabenya","Netral"
0,"internet turun harga cabe","Netral"
0,"harga cabai rawit hijau inhil persen","Netral"
0,"harga cabe rawit hijau petani ditempatku diangka rpkg menjelang imlek","Netral"
0,"musim hujan harga cabai pasar jatimuyo rp","Netral"
-1,"pedas harga cabai rawit kota serang lipat","Negatif"
0,"minggu diam rumah cilok goang bibir dower harga cabe beli kg beras lebih baik beli beras nyauntung suka bercocok tanam rumah tanam cabe strobery kurma mentoa jeruk coklat tomat bawang dan lain-lain","Netral"
0,"harga cabe harga lnte","Netral"
0,"hemat ibuku harga cabe","Netral"
-2,"mamang tukang sayur jahat peka songpol harga cabe songpol nekat beli kg kasih undangan mamang tukang sayurnya sedih bersanding songpol dalem hatinya lope lope lope","Negatif"
0,"pas milih bombai random ngajakin gosipin harga cabe kerasa vibes kompleknyaaa hahahaha","Netral"
0,"bertahan hidup harga cabe daging","Netral"
1,"porang alternatif beras harga cabai bawang dan lain-lain turun forex ajalah stabil matur suksme","Positif"
-1,"survei catat harga cabai inflasi persen","Negatif"
-1,"survei catat harga cabai inflasi persen","Negatif"
0,"harga cabai rawit pasar sawahlunto merangkak","Netral"
0,"harga daging sapi cabe dagang","Netral"
-2,"janjijanji doang doyan pencitraan korupsi ulang nutupi utang barangbarang mahal harga wajar murah cabecabean pasar suara milenial","Negatif"
-1,"harga kunjung petani kopi alih tanam kol cabai kentang coid","Negatif"
0,"appa kaget pas amma uang belanja lebihin krna harga cabe","Netral"
0,"apaaa harga cabe","Netral"
0,"ngeluh harga daging harga cabe naek pokoknya ngeluh turunin harga didlm otak kepikir peternakpetani kaya bergelimang harta ngeluh wktu harga protes wktu hargaturun bela peternakpetani","Netral"
-1,"harga cabai setan kota pagaralam berangsur normal","Negatif"
0,"harga cabai pasar klandasan kota balikpapan bertahan harga rp ribu","Netral"
-3,"kemarin harga labu siam anjlok banget berton hasil panen dibuang sajahari harga sawi putih rpkg ongkos pekerja mencukupi harga cabai","Negatif"
-3,"purnomo homan djingan bingung nawar harga murah faktor barang diomelin beli cabe cabe mahal diserang hama gagal panen","Negatif"
0,"pantauan harga bahan pokok cabai rawit melonjak cabai merah kriting turun","Netral"
0,"harga cabe hijau pekanbaru rp ribu rawit bertahan rp ribu kilogram","Netral"
0,"harga tempe bawang cabe mahal komoditas","Netral"
0,"sambel pedes harga cabai","Netral"
0,"catatkan belanja harga cabe kebutuhan pasar kaya hilang musim sayuran produksi rendah kebutuhan dapur kaya elpiji gula minyak goreng bumbu habis","Netral"
0,"tol bpjs tempe daging cabe telur hargaharga rakyat ngelus dada","Netral"
0,"bpjs tempe cabe telur daging hargaharga rakyat ngelus dada","Netral"
0,"dampak pompom saham bu dampak harga cabe rawit menjulang harga daging sapi ikutan mahal","Netral"
-1,"coba ngedm lebih baik ngurusin harga pasaran cabe anjing sambel males banget beli cabenya mahal gimna jempol sambel pedes cabe manapun nama sambelnya sambel neraka jahanam canda sambel","Negatif"
0,"bumbu dapur mantan cabebawang nyaingin harga daging sapi","Netral"
-2,"ku hantam kepalanya belanja pasar sok emak belanja iritin pulang bawa bawang cabe tomat tempe doang curhat harga pusing masak","Negatif"
0,"harga cabai rawit pasar tradisional kabupaten sumenep kian akibat hujan menerus ans","Netral"
0,"harga cabai rawit rp ribu kilogram jak pembeli harga cabai rawit","Netral"
0,"kayaknya ijk sensi ayam penyet bang jarwo harga siang beli ayam cabe ijo bakmi golek dateng cabe ijo ayam","Netral"
0,"harga cabe bund","Netral"
0,"beli cabe teman said bangkeut warung beli dins harga cabe tertawa tolong gess","Netral"
-1,"harga cabe emg mie ayam bakso jualan dkt rumah sambelnya dicampur bon cabe","Negatif"
2,"seandainya harga daun bawang mencukupi harga ayam bawang cabe nutup usaha mencari untung buntung","Positif"
0,"harga cabai daerah menembus rp ribu kilogram kg diprediksi februari","Netral"
1,"hidup jogja makan ayam geprek solo geprek kumlot nasinya ambil cabenya nembung brapa pas harga cabe cabe menentukan harga solo menyalahi kaidah ayam geprek jogja","Positif"
0,"harga sembakocabe cabean bpjs semoga gaji ikutan aamiin","Netral"
0,"harga cabe naek latah ikutan mie instan","Netral"
0,"harga cabe wkek","Netral"
0,"bule harga cabe harga batagor indonesia ribet ribetin ulah banyak bicara singa betina main main bali gigit leak mampus","Netral"
-1,"bingung harga bon cabe","Negatif"
1,"jantungan habis nyelem selkor harga pc uda kaya harga cabe pasar","Positif"
0,"harga cabe","Netral"
-1,"ditambah musin ujan hasil panen gagal harga cabe bawang","Negatif"
0,"harga cabe pasar baturaja rp ribu pembeli ngirit","Netral"
0,"dunia pician kayaknya harganya harga cabe harga pici","Netral"
0,"diakumulasi konsumsi cabai setahun unam ganyampe kg harga cabe naikturun gada pengaruhnya","Netral"
0,"harga cabe","Netral"
0,"harga cabe bawang telor mahal","Netral"
-1,"harga kedelai cabai rawit cirebon menjerit","Negatif"
0,"harga cabe","Netral"
-1,"musim hujan petani gagal panen harga cabai pasaran","Negatif"
0,"fess gatau harga cabe turun makan","Netral"
-1,"musim hujan petani gagal panen harga cabai pasaran","Negatif"
0,"iyah harga cabe mahal","Netral"
0,"chat pagi bles harga cabe rawit","Netral"
-1,"kabar cakep sibuk ooh pandemi gini kerjaankuliah aman ngomong-ngomong psbb harga cabe sambel bawang pke mercon tikus penasaran rasanyamain kesini bertemu","Negatif"
0,"harga cabai rawit merangkak faktor cuaca ppkm penyebabnya via","Netral"
0,"harga cabe bawang merah","Netral"
-1,"harga minyak cabe telur rbkg ceker ayam sekg kepla ayam daging labil nabung boros","Negatif"
0,"harga cabe emak","Netral"
2,"kedelai otomatis harga harga kecap daging ayam cabe nasib nasib","Positif"
0,"harga cabe","Netral"
0,"berani mengurangi kualitas harga cabe harga berubah best seller Cuma miscall terinya kakak tertarik order","Netral"
0,"musim hujan harga ikan cabai pasar induk sangatta kutim","Netral"
1,"belajar menteri pertanian syahrul yasin limpo cabai kedelai telor daging sapi pintar belajar harga bergejolak pas musim hujan nato action talk only","Positif"
0,"gila harga pc juyeon kaya harga cabai rawit","Netral"
-1,"harga cabai merah padang merosot","Negatif"
0,"cabe mahal emg tempe harga kedelai","Netral"
0,"sop tempe harga jagung cabe penyedap segitu jakbar","Netral"
0,"mama ku mahal kalkulasi mamaku belanja pasar daerahku jagung tempe cabe msg sayur sup total mahal bahan harga ayam sosisbakso","Netral"
0,"mahal cabe tempe sm harga pasar kedelai sm cabe naiknya","Netral"
0,"tempe gasampe harga pas cabe beli pasar mager anak kicik capek","Netral"
0,"harga komoditas pangan makassar stabil bawang merah cabai rawit cenderung","Netral"
2,"selamat sore sedulur indonesiapusing harga cabe turunknapa tanam dipekarangan rumahnih buktiny cabe keritingnya suegerr sehat lohkarna pupuk fk megembalikan tanah tanah organik suburyuk bercabaicabai","Positif"
0,"harga cabe","Netral"
-1,"pesen ayam geprek cabe harga cabe maks tidak ada uang anj","Negatif"
-2,"harga cabai kepala disperindag kabupaten malang operasi pasar alasannya operasi pasar komoditas gula sembilan bahan pokok","Negatif"
1,"harga cabai jembrana kebutuhan stabil","Positif"
0,"warung deket kos emang mahal harga cabe bawang kaget beli seuprit doang","Netral"
0,"live interview ketua paguyuban pasar grogolan suharjo harga cabai merangkak","Netral"
0,"perasaan turunkayak harga cabe","Netral"
-2,"sedih harga cabe drastis","Negatif"
0,"selesai membicarakan harga cabe tempe langka","Netral"
2,"pupuk temanteman mahal giliran harga cabe diturunin banget petani bahagia petani capek keluarga petani harga bahan pangan murah stabil turunkan harga pupuk","Positif"
-1,"pasar harga cabe rawit merah hijau harga tempe ikan teri medan Cuma miscall asin puter otak naikin harga jualan tetep dikit dak","Negatif"
0,"harga cabai melonjak produksi turun hujan","Netral"
-1,"harga cabe rawit galak ribu kota semarang harga menjelang natal","Negatif"
0,"harga cabai pasar melonjak jakarta teropongsenayan harga cabai pasar inpres jelambar polri jakarta barat melonjak cabai rawit merah harga rp rp rpkg cabai ijo harga","Netral"
0,"harga cabai merah keriting turun cabai rawit rp ribuperkilogram","Netral"
0,"harga sembilan bahan pokok jambi harga cabai merah turun cabai rawit via","Netral"
0,"harga cabe merah harga ikutan turun","Netral"
0,"pasar harga cabai kg kg","Netral"
0,"pedagang harga rawit nikmati kunjungi","Netral"
1,"menteri perdagangan muhammad lutfi maaf harga cabai kian","Positif"
0,"harga cabe","Netral"
1,"judulnya kinda ngerasa subsidi pupuk jaman harto tetep harga bawang cabe","Positif"
-1,"mendag lutfi tegaskan salah harga cabai harga cabai turun kondisi disalahkan menteri perdagangan","Negatif"
0,"harga cabai stok lantaran musim hujan","Netral"
0,"harga petani cabai gigit jari id","Netral"
0,"harga petani cabai gigit jari","Netral"
1,"harga cabe bawang tolongg tukang sayur nimbangnya nimbang emas pass","Positif"
1,"harga cabai mendag lutfi maaf","Positif"
1,"harga cabai mendag maaf ibuibu","Positif"
0,"harga cabai rawit kota makassar mengalami kenaikan lipat","Netral"
0,"cabe harga paktor alam prediksi cabe turun harganya tergantung pasokan pasar lokal","Netral"
0,"inget harga cabe","Netral"
0,"hero harga cabe rugikan sapa untungkan sapa","Netral"
-3,"harga pangan ayamtelor ayamcabe jualan terkena dampak covid ditimpa bahan baku belanja mahal daya beli menurun sedih","Negatif"
-1,"harga cabai kasihan","Negatif"
2,"suka pedes semenjak harga cabe makanan masak pedes","Positif"
0,"harga selangit rakyat terjepit ditengah covid pks sesalkan fluktuasi kenaikan harga cabai daging sapi","Netral"
0,"pedesan ceker yak harga cabe","Netral"
0,"resiko emak emak mikirin harga bumbu gakan kelar solusinya mari bercocok tanam cabai","Netral"
1,"kedelai harga daging sapi cabai kompak melejitnya harga pangan menyulitkan masyarakat","Positif"
0,"harga cabai rawit pasar sentral remu kota sorong provinsi papua barat sepekan mencapai rp ribu kilogram","Netral"
-2,"hero harga bawang merah anjlok harga cabai merah meroket kg harga kedelai akibatnya harga pejabat kang ketoprak pusing","Negatif"
0,"harga cabe naikanak kelahiran keatas hidup dimana harga harga mahal","Netral"
2,"harga kedelai harga cabai kegemaran masyarakat indonesia tempe cabai nampaknya butuh merogoh kocek menerima kenyataan menikmati menu ukuran tingkat kepedasan semoga makan gorengan cabai barang mahal","Positif"
0,"cabe harga","Netral"
0,"allahhh gra gra harga cabe dimasakin pedesnya pedes mricaaa","Netral"
-1,"idha hrt ribut pencitraan hasil mari tangguangi harga kebutihan pokok merangkak naikjangan ribut kiri kanan kebutuhan pokok harga kedelai harga cabai rakyat butuh","Negatif"
0,"harga cabe rbkg allah kol rbkg kasian tukang gorengan tukang warung tegal","Netral"
-1,"tahi jualan patriarchy matriarchy apalah harga cabe","Negatif"
0,"harga cabai pasar tradisional samarinda berita kaltim","Netral"
0,"harga cabai pasar tradisional samarinda","Netral"
0,"harga cabai pasar tradisional samarinda","Netral"
-1,"sklian makan cabe tempe goreng bik selagi harga kece","Negatif"
0,"harga cabai rawit daerah sumsel rp ribu inews siang","Netral"
-2,"harga cabai domba kol drastis pedagang mengeluh gtgtgt","Negatif"
0,"pedagang kota sorong natal harga cabai rawit rp ribu januari rp ribu kilogram","Netral"
0,"harga daging gapapa tempetahucabai harga pusingnya ampun warung tegal murah tempe gorengsayurtahu bulat murah cabai tahan masyarakat cabai","Netral"
0,"harga cabe dipasaran melonjak kabar cabe caben murah candaa murah","Netral"
0,"paksudah membidangi dunia cabecabeanuntuk turunnya harga","Netral"
0,"harga cabai rawit tanah bumbu melonjak sabtu januari","Netral"
-1,"harga ndah ngakalinnya ndah pusing banget pedesnya pakai bon cabe ndah","Negatif"
0,"musim penghujan harga cabe jatim merangkak","Netral"
0,"harga cabai sorong rp rp","Netral"
-1,"id petani rugi harga cabe turun harga cabe turun permintaan cabe pasaran harga","Negatif"
0,"musim hujan harga cabe jatim merangkak","Netral"
0,"harga cabai kendari persen","Netral"
0,"mama ngedumel melulu harga cabe","Netral"
0,"harga cabai daging sapi","Netral"
0,"tempe harga cabai daging sapi selesai harga tempe tingginya harga kedelai masyarakat indonesia dihadapkan komoditas menanjak cabai rawit merah","Netral"
0,"polri harga cabe daun gini pembeli warung massambelnya banyakin","Netral"
1,"suka kikil cabe emang harga tempe huhu","Positif"
0,"harga cabai jengkol fix puasa makan pedes semur jengkol","Netral"
0,"harga cabai daging sapi","Netral"
0,"gaiiisss harga cabai melonjak","Netral"
0,"harga cabai keriting labuan signifikan diduga dampak banjir","Netral"
-2,"harga cabai rawit sorong pedas drastis","Negatif"
0,"pasokan harga cabai rawit persen kota cimahi","Netral"
1,"ngalamin kemarin kepasar beli cabe rawit merah asli segenggam doang harga segitu goceng","Positif"
-1,"azis harga cabai mengalami lonjakan kebutuhan pokok minyak goreng beras tempe","Negatif"
-1,"harga cabai tomat drastis musim hujan","Negatif"
-2,"tidak apa-apa jual sedih harga cabai tertawa canda pakbu jual","Negatif"
-1,"harga cabe rawit malang persen","Negatif"
-1,"pecinta pedes harga cabe menangis oknum ngecat cabe","Negatif"
0,"deisikseu iyah garagara harga cabe nanem nongolnongol cabe","Netral"
-1,"kemarin pusing banget harga cabe tempe naiksoale suru belanja melulu sm mamak","Negatif"
0,"harga cabe gini cabe","Netral"
0,"harga cabai daging sapi","Netral"
-1,"intensitas hujan petani kelabakan harga cabai malang persen","Negatif"
0,"harga cabai kaget petanidalam hitungan jam kadang naikturun puluhan ribu","Netral"
-1,"pedagang usaha bertahan kehilangan konsumen video harga cabai siasat pelaku usaha","Negatif"
0,"harga cabai grobogan mencapai persen fokus","Netral"
0,"rahsunji harga cabe pasar senin harga","Netral"
0,"harga cabai rawit pasar pontianak signifikan","Netral"
0,"harga cabai kota bandung persen disdagin akibat cuaca","Netral"
0,"isi sepuluh seribu tempe berani harga cabai","Netral"
0,"harga cabe adik boros belanja ehehe","Netral"
0,"musim hujan harga cabai pemerintah mengantisipasinya jauhjauh","Netral"
0,"harga cabe bawang putih langka","Netral"
0,"harga kedelai mahal masyarakat dihadapkan harga cabai rawit merangkak","Netral"
0,"harga cabai banjarmasin rp kg persen","Netral"
0,"ngoyo menang giveaway habis dana serologi antigent isolasi mandiri dan lain-lain dan lain-lain harga cabe","Netral"
0,"jujur pecinta makanan pedas sedih harga cabe canda cabe","Netral"
0,"tidur bangun tidur beritanya oknum aggota dpr senang video porno bem ui belain fpi kecewa kopad kopid tiada henti kinitokoh tua religius cerai kawin lagiharga tempe cabe berita bagusaku dengar","Netral"
-2,"bisnis harga cabai rawit merah pasar rp ribu kilo tempe cabailalu kabarnya mentan rakyat susah dibikin susah","Negatif"
0,"strowberi cabe sawi daun bawang harga cabe ttp makan pedes","Netral"
0,"harga cabai denpasar mencapai rp kilogram","Netral"
-2,"harga cabai merangkak kondisi dimanfaatkan pedagang mengumpulkan cabai kondisi rusak hasil sortiran rusak cabaicabai diburu konsumen simak informasi selengkapnya morning pagi kamis januari wib","Negatif"
0,"harga cabai allah","Netral"
0,"harga kedelai harga cabe beli gejrot goceng dapetnya semana suw","Netral"
1,"harga cabe mahal harga kedelai tempe goreng sambel bawang makanan favorit ku","Positif"
0,"harga cabe beli emak ku isi sesi ceramah","Netral"
0,"bercandaan ibuk sambat harga cabe ibukku besok cari suami petani masak tinggal petik tinggal panen nanem sayursayuran","Netral"
-2,"giveaway yibo cipok scene tidak apa-apa santuy jiejie nikah baby harga cabe dahlah hidupku kebanyakan dosa emang","Negatif"
-2,"panik menghadapi harga cabe gilagilaaan masak ceban sambel doanggg","Negatif"
0,"masyaallah harga pc harga cabe","Netral"
-1,"sakit hati denger harga cabe daging ayam denger hilang jalan","Negatif"
0,"gatau serunya liatin julidin harga cabe sibuk pamerin barang mewah tertawa","Netral"
0,"harga cabe daftar cabe","Netral"
0,"harga cabe pergantian faktor penyebabnya","Netral"
0,"walah harga cabai rawit merah kota cimahi persen","Netral"
-2,"bejakso harga emang gagal musim hujan pohon cabe gampang penyakit","Negatif"
1,"harga cabai keriting tajam tembus rp kg jauya kenaikan harga agen pemasok pulau jawa mematok harga pedagang terpaksa menyesuaikan harga jual","Positif"
-1,"cabe licik pas harganya gini sambel cabenya biji sepedes nyambel pas cabe biji cabe pas harga biji cabe pas harga normal masak pedesnya beda","Negatif"
2,"harga cabai rawit merah meroket pasar tradisional kota depok kenaikan rp ribu rp ribu pasar agung tembus angka rp ribukg perkilo pedagang pasar agung pagi belanja","Positif"
0,"harga cabe rawit pekanbaru rp ribu kilogram","Netral"
0,"langganan ane ttp harganya ukurannya perkecil ane paham kondisinya harga ukuran ttp harga ttp ukuran perkecil ane makan penyet tahutempe harga cabe rawitnya","Netral"
0,"pemicu harga cabai bawang pasar tradisional makassar","Netral"
0,"petani banyuwangi diuntungkan harga cabai pasaran kendalanya kondisi cuaca menentu mengakibatkan hasil produksi cabai milik petani banyuwangi maksimal","Netral"
0,"harga cabe tempe kemanaaaaa","Netral"
-3,"setahun setahun pasaran panene cabe melonjak harga jatuh petani rugi bersamaan harga komoditas melonjak kedelai hasil panen dibuang petani menanam cabe harga","Negatif"
-2,"harga cabe ribu perkilo kalang kabut masyarakat lapisan inisiatif menanam cabe tanaman rumah tangga pastunya petani besarbesaran tanam cabe","Negatif"
0,"harga cabai kabupaten polewali mandar sulawesi barat meroket harga cabai rp kilogram rp kilogram","Netral"
-1,"harga cabe merah harga saos pedas","Negatif"
0,"herianto mentri persayuran turunya harga cabai kedelai kong paham","Netral"
0,"wes alami jogja karo solo makan sekeluarga istri anak cuman habis sehari masak alias jajan wowkwkekw msak sayur thok ro ulam ayam isoh nggo wkwkwkw beda harga cabe","Netral"
0,"efek cabenya dasar dapur cabe harga dikurangin mulesmules","Netral"
-1,"cabai rawit merahkedelai barang mahal pasar induk kajen harga bertahan sebulan cenderung mendekati nataru","Negatif"
-1,"berganti harga cabe libur makan pedas","Negatif"
0,"ngeluh harga kebutuhan sayuran cabe ngehargain profesi petani","Netral"
0,"harga cabai kedelai","Netral"
-1,"ngerasain efek harga cabe informasi terkini tempe susah ginigini","Negatif"
0,"yaps pas harga cabe menanam cabe panennya barengan supplynya demandnya harganya turun","Netral"
-1,"sedih harga bawang cabe","Negatif"
0,"harga cabecabean","Netral"
0,"pantes semalem pesen penyetan pedes harga cabe banget","Netral"
0,"harga cabai pasar kuala kapuas merangkak","Netral"
-2,"isu harga daging cabe tempe ikutikutan susah nyarinya kondisi sulit gini pas nemu tempe excited","Negatif"
0,"kampung pas petani cabe lombok harga melambung gini rejekinya panen daftar haji sekeluarga dibayar lunas antri beli mobil","Netral"
0,"berita harga cabe tv kayaknya endemic indonesia","Netral"
-1,"harga cabai rawit kg selengkapnya klik link","Negatif"
1,"giliran harga cabai kebingungan nurunin harga secepatnya kemarin pas harga kg kebijakan dimana pupuk subsidi pestisida mahal","Positif"
0,"harga petani cabe sejahtera","Netral"
0,"cabe mahal tempe harga fix tempe geprek meroket","Netral"
0,"harga cabe bund","Netral"
-1,"sedih harga cabe","Negatif"
-1,"harga ayam telor turun harga sayuran cabe menggila tempe harga kedelai cenah","Negatif"
0,"abdi bangorejo harga cabai rawit pagi harga cabai rawit rp ribu pasar pedotan bangorejo nit","Netral"
-1,"cabe harga pusing jual","Negatif"
-2,"harga cabai sekutunya listrik wowpadahal kurangi aktivitas pemakaian ngritik kebablasan delik walah wakonde wakonde nestapa korupsi pesan hukuman garis lurus dihajar","Negatif"
1,"cuman buibu harga cabai rawit pasar mencapai kkg ribu dapatnya seencrit bunda bersyukur gwe awalannya sembilan bahan pokok uang kos gaji gwe","Positif"
-2,"pas emak larang makan pedes takut sakit harga cabe kg","Negatif"
-1,"saking sibuknya berita gisel lupa harga cabe","Negatif"
1,"turun turun kaya harga cabe","Positif"
0,"apalan wae eta harga cabe","Netral"
-1,"harga cabe bund sekarangudah berasa rumah tangga pandemi","Negatif"
1,"harga cabe rawit drastisss berpengaruh pecinta pedes stok cabe buanyakk","Positif"
0,"mayankyk harga cabe merah meroket","Netral"
-1,"khoz tempe bu cabe rawit gilaan harga terung harga pusing keliling bu usaha penyetan harga","Negatif"
-1,"minggu harga cabai persen pasar kota batu","Negatif"
1,"sah jualan smua cabe ayam tempe harga dinaikin porsi dikurangi pelanggan auto minggat","Positif"
0,"konsumsi pribadi jarang banget pakai cabe bon cabe dan lain-lain mencari pedes denger jualan ngeluh harga cabe","Netral"
1,"pasca harga komoditas cabai merah jengkol pasar tradisional loji kecamatan tegalwaru karawang persen baca berita selengkapnya","Positif"
-1,"habis cabe minggu tahutempe langka kabarnya harga kedelai kosong pasar tergantung kedelai amrik kedelai impor murah kedelai lokal stop mengekspor kedelai tiada tempe kecap","Negatif"
0,"harga cabe makanin pedespedes","Netral"
0,"harga cabai naikakan mempengaruhi konsumsi sambal interaktif","Netral"
-1,"bau melonjak harga cabe semoga tertangani","Negatif"
0,"harga cabe","Netral"
0,"diawali harga telor cabe tempe langka","Netral"
0,"harga cabe ayam telur ya sudah rapopo harga tempe patah hatiiiii makanan favorittt","Netral"
-1,"panen berkurang harga cabai","Negatif"
0,"musim penghujan harga cabe","Netral"
0,"harga cabe","Netral"
-1,"harga cabe pembeli mengeluh emak jualan muter modalnya wkwkwkw","Negatif"
0,"mentansyahrul yasin limpo stok harga aman terkendali harga janda bolong juta harga kedelai harga cabai rawit harga telur ayam harga daging ayam harga daging sapi harga bawang harga beras cek harga pasar rutin pas siuman","Netral"
-2,"harga kebutuhan pokok malang cabai rbkg cabai rbkg cabai keriting rbkg sayuran lipat harga normal tempe sekotak skr petani gagal panen ekonomi rakyat","Negatif"
0,"yok ngecostplay cabecabean senin bund harga","Netral"
0,"lapor komandan pertanian kabar pasar harga tauge lipat harga normal rupiahkg harga cabai rupiahkg laporan selesai","Netral"
-1,"ditambah ekonomi rakyat down phk harga kebutuhan pangan tajam gula jawa rupiah rupiah cabe kilo dipasar penjahat kelamin solusinya dampaknya rakyat","Negatif"
-1,"harga pokok tolong stabilkanpak cabe kg rbu bawang putih bawan merah sayuran kol timun semuaya pandemi pusing umkm","Negatif"
0,"iyaya nikah aduh gatau kik mendengar harga tempe taunya cabe ku kirimin tempe","Netral"
-1,"harga tempe penjual sayur tinggal dikiiit banget tempe daun sebaskom penuh telur induknya cabe aduh besok pengen tempe penyet","Negatif"
0,"berita harga cabe pagi dikasih tempe tukang nasi uduk orek","Netral"
-1,"topik malam mama ngomel gara harga cabe cabe dipylox merah","Negatif"
-1,"pedagang pasar kabupaten banyumas menemukan cabai dicat merah pelaku mengaku tergiur harga cabai mengecatnya cat semprot via","Negatif"
-1,"harga cabe mahal ditambah berita harga tempe kedelai balada emak auto sedih","Negatif"
0,"ajah yadimasa pandemi daya beli menuruntpi harga cabe kedelai tajamorg phkbpjs","Netral"
-1,"pedagang pasar kabupaten banyumas menemukan cabai dicat merah pelaku mengaku tergiur harga cabai mengecatnya cat semprot","Negatif"
-1,"sedih tempe langka cabe harga dipilox","Negatif"
0,"seru menyenangkan buktinya harga bahan masakan cabe merah bujug naiknya seperapat beli","Netral"
0,"kabar ayam geprek harga cabe nambah cabe bayar","Netral"
0,"harga cabai tembus guis cabai kebagian harga kkilo dom jaksel","Netral"
0,"harga cabe tukang sayur beli minimal harga beli","Netral"
0,"selamat pagi indonesia kebutuhan pokok merangkak harga cabe gila segila cabenya tempe langka harga dasar kedelai rakyat teriak","Netral"
0,"harga tempe telur cabe polri maklumat stabilkan harga","Netral"
0,"mmm gatau emang lebaran sm harga bahan pokok cabe kkg kkg ckckk cabe dicat kayu merah","Netral"
1,"dikejoetkan naiknya harga bahan pokok cabe ayam sayuran tempe daun hebat","Positif"
0,"harga cabe merah rawit merah kkg harga jual petani cabe kkg mudahan pas harga melambung kkg pasar barubekasi harga jual petani","Netral"
0,"harga cabe emak meradang","Netral"
0,"mikirnya harga cabe harga pc ikutan","Netral"
1,"harga cabe kemarin omongam pedes heran","Positif"
1,"tribun jogja disperindag yogyakarta harga bahan pokok stabil kecuali cabai harga signifikan","Positif"
1,"disperindag yogyakarta harga bahan pokok stabil kecuali cabai harga signifikan","Positif"
-3,"harga cabai tingkat konsumen petani menutup kerugian akibat penurunan harga pandemi covid","Negatif"
-2,"jago banget harapan palsu isu gini menyebabkan harga bawang cabe tomat dan kawan-kawan signifikan aduh","Negatif"
-1,"jabodetabek harga tempetahu pekanbaru harga cabe merah menggila","Negatif"
0,"harga cabai ribu sekilo skrng sekilo hadehh","Netral"
0,"cabe rawit dipilok merah harga jualnya","Netral"
0,"harga cabai bawang terpantau signifikan","Netral"
0,"fess kemarenan papaku jual cabe rawit bandar sekilo masaa kemarenan harga cabe","Netral"
0,"harga cabe anjrot","Netral"
